<?xml version="1.0" encoding="UTF-8"?>
<metadata xml:lang="en"><Esri><CreaDate>20191017</CreaDate><CreaTime>13290000</CreaTime><ArcGISFormat>1.0</ArcGISFormat><SyncOnce>TRUE</SyncOnce><DataProperties><itemProps><itemLocation><linkage Sync="TRUE">file://\\DESKTOP-J5DEC3S\E$\Anju\Class\python\sampledata\HospitalsLoc</linkage><protocol Sync="TRUE">Local Area Network</protocol></itemLocation></itemProps><copyHistory><copy source="E:\Anju\Class\r\LABSEC2019\SEM2_2018_2020\R_Class\OUTPUT\HospitalsLoc" dest="\\DESKTOP-J5DEC3S\E$\Anju\Class\python\sampledata\HospitalsLoc" date="20191017" time="13290000"></copy></copyHistory></DataProperties></Esri></metadata>
